{
  "cjv": 0.5147522687911987,
  "cnr": 5.496412754058838,
  "efc": 0.5235547824275744,
  "fber": 58.275634765625,
  "fwhm_avg": 3.21506,
  "fwhm_x": 3.25853,
  "fwhm_y": 3.42985,
  "fwhm_z": 2.97352,
  "icvs_csf": 0.18378833367239222,
  "icvs_gm": 0.4051566473020171,
  "icvs_wm": 0.41105501902559066,
  "inu_med": 1.1544628143310547,
  "inu_range": 0.33187881112098694,
  "metadata": {
    "md5sum": "a37161ff30ee5eb304094ec25f1c8d87",
    "modality": "T1w",
    "mriqc_pred": 0,
    "software": "mriqc",
    "subject_id": "01",
    "version": "0.9.3"
  },
  "qi_1": 0.0,
  "qi_2": 0.04969542553674585,
  "rpve_csf": 100074.9453125,
  "rpve_gm": 183369.609375,
  "rpve_wm": 76104.078125,
  "size_x": 192,
  "size_y": 256,
  "size_z": 256,
  "snr_csf": 3.047132756457391,
  "snr_gm": 9.15155729089999,
  "snr_total": 10.529713327493196,
  "snr_wm": 19.390449935122206,
  "snrd_csf": 16.12289125522439,
  "snrd_gm": 27.30145771037207,
  "snrd_total": 27.301219338068833,
  "snrd_wm": 38.47930904861004,
  "spacing_x": 0.9999008178710938,
  "spacing_y": 1.0,
  "spacing_z": 1.0,
  "summary_bg_k": 9.011953095424586,
  "summary_bg_mean": 5.625296592712402,
  "summary_bg_p05": 0.0,
  "summary_bg_p95": 11.0,
  "summary_bg_stdv": 3.363206624984741,
  "summary_csf_k": 6.969623287151336,
  "summary_csf_mean": 89.64248657226562,
  "summary_csf_p05": 46.0,
  "summary_csf_p95": 125.0,
  "summary_csf_stdv": 26.37831687927246,
  "summary_gm_k": -0.6624774168147596,
  "summary_gm_mean": 148.6726531982422,
  "summary_gm_p05": 116.0,
  "summary_gm_p95": 187.0,
  "summary_gm_stdv": 22.067852020263672,
  "summary_wm_k": -0.2027146216256268,
  "summary_wm_mean": 212.06617736816406,
  "summary_wm_p05": 176.0,
  "summary_wm_p95": 252.0,
  "summary_wm_stdv": 23.159786224365234,
  "tpm_overlap_csf": 0.2350529432296753,
  "tpm_overlap_gm": 0.5287457704544067,
  "tpm_overlap_wm": 0.6400813460350037,
  "wm2max": 0.4274193548387097
}